<?xml version="1.0" encoding="UTF-8"?>
<metadata xml:lang="ko"><Esri><CreaDate>20161226</CreaDate><CreaTime>18540800</CreaTime><ArcGISFormat>1.0</ArcGISFormat><SyncOnce>TRUE</SyncOnce><DataProperties><lineage><Process ToolSource="c:\program files (x86)\arcgis\desktop10.1\ArcToolbox\Toolboxes\Data Management Tools.tbx\Project" Date="20160930" Time="092515">Project 5만지질 C:\Users\kbr2772\Documents\ArcGIS\Default.gdb\c5만지질_Project PROJCS['Korea_2000_Korea_Central_Belt_2010',GEOGCS['GCS_Korea_2000',DATUM['D_Korea_2000',SPHEROID['GRS_1980',6378137.0,298.257222101]],PRIMEM['Greenwich',0.0],UNIT['Degree',0.0174532925199433]],PROJECTION['Transverse_Mercator'],PARAMETER['False_Easting',200000.0],PARAMETER['False_Northing',600000.0],PARAMETER['Central_Meridian',127.0],PARAMETER['Scale_Factor',1.0],PARAMETER['Latitude_Of_Origin',38.0],UNIT['Meter',1.0]] Korean_1985_To_Korea_2000_1 PROJCS['Korean_1985_Modified_Korea_Central_Belt_Jeju',GEOGCS['GCS_Korean_Datum_1985',DATUM['D_Korean_Datum_1985',SPHEROID['Bessel_1841',6377397.155,299.1528128]],PRIMEM['Greenwich',0.0],UNIT['Degree',0.0174532925199433]],PROJECTION['Transverse_Mercator'],PARAMETER['False_Easting',200000.0],PARAMETER['False_Northing',550000.0],PARAMETER['Central_Meridian',127.0028902777778],PARAMETER['Scale_Factor',1.0],PARAMETER['Latitude_Of_Origin',38.0],UNIT['Meter',1.0]]</Process></lineage></DataProperties></Esri></metadata>
